{
    "Logistic Regression": {
        "accuracy": 0.7743950039032006,
        "precision": 0.3617520309811201,
        "recall": 0.7225806451612904,
        "f1": 0.4816738297335313,
        "roc_auc": 0.8154515303521048
    },
    "Random Forest": {
        "accuracy": 0.9559081263537509,
        "precision": 0.8476682854661821,
        "recall": 0.8483870967741935,
        "f1": 0.8474408875581896,
        "roc_auc": 0.9178884515837675
    },
    "XGBoost": {
        "accuracy": 0.9559048278743498,
        "precision": 0.839189986524244,
        "recall": 0.8612903225806452,
        "f1": 0.8496722206774564,
        "roc_auc": 0.9200507203799294
    },
    "Neural Network": {
        "accuracy": 0.8832096403557961,
        "precision": 0.6099325273125572,
        "recall": 0.564516129032258,
        "f1": 0.5827788062700081,
        "roc_auc": 0.8279747539248202
    },
    "best_model": "XGBoost",
    "test_metrics": {
        "accuracy": 0.9456928838951311,
        "precision": 0.8356164383561644,
        "recall": 0.782051282051282,
        "f1": 0.8079470198675497,
        "roc_auc": 0.8750843454790823
    }
}