{
    "best_params": {
        "n_estimators": 925,
        "max_depth": 5,
        "learning_rate": 0.019901402138872034,
        "subsample": 0.9990317460375092,
        "colsample_bytree": 0.9536105419198339,
        "gamma": 0.6854064417927734,
        "reg_lambda": 4.172327159065172,
        "objective": "binary:logistic",
        "eval_metric": "logloss",
        "random_state": 42,
        "n_jobs": -1
    },
    "best_cv_score": 0.9321053692220286
}